"Variable / Field Name","Form Name","Section Header","Field Type","Field Label","Choices, Calculations, OR Slider Labels","Field Note","Text Validation Type OR Show Slider Number","Text Validation Min","Text Validation Max",Identifier?,"Branching Logic (Show field only if...)","Required Field?","Custom Alignment","Question Number (surveys only)","Matrix Group Name","Matrix Ranking?","Field Annotation"
suo_mrn,stanford_oncore_demographics,"<center>Required to Pull Participant Data from OnCore</center>",text,MRN,,,,,,y,,,,,,,
suo_first_name,stanford_oncore_demographics,"<center>Required to Push Participants to OnCore</center>",text,"First Name",,,,,,y,,,,,,,
suo_middle_name,stanford_oncore_demographics,,text,"Middle Name",,,,,,y,,,,,,,
suo_last_name,stanford_oncore_demographics,,text,"Last Name",,,,,,y,,,,,,,
duo_dob,stanford_oncore_demographics,,text,"Date of Birth",,,date_ymd,,,y,,,,,,,
suo_gender,stanford_oncore_demographics,,radio,Gender,"1, Female | 2, Male | 98, Unknown",,,,,,,,,,,,
suo_race,stanford_oncore_demographics,,radio,Race,"1, White | 2, Black or African American | 3, Asian | 4, American Indian or Alaska Native | 5, Native Hawaiian or Other Pacific Islander | 97, Not Reported | 98, Unknown",,,,,,,,,,,,
suo_ethnicity,stanford_oncore_demographics,,radio,Ethnicity,"1, Non-Hispanic | 2, Hispanic/Latino | 98, Unknown",,,,,,,,,,,,
suo_study_site,stanford_oncore_demographics,,radio,"Study Site
(delete the sites that do not apply to your study)","1, SHC Main Hosp, Pasteur, Welch & campus/nearby clinics | 2, SHC Redwood City | 3, Lucas Center | 4, Quarry Rd clinics; Hoover Pavilion | 5, 1070 Arastradero | 6, Community site | 7, CTRU (800 Welch Rd) | 8, LPCH Main Hosp, Welch Rd & campus/nearby clinics | 9, LPCH Satellite & Other | 10, Remote interactions (e.g., online/phone/survey) | 11, SHC Satellite & Other | 12, SHC ValleyCare | 13, Psychiatry: Page Mill, Porter Dr, other | 14, Byers Eye Institute | 15, Center for Cognitive and Neurobiological Imaging | 16, Stanford Ear Institute",,,,,,,,,,,,
suo_sub_source,stanford_oncore_demographics,,text,"Subject Source",,,,,,,,,,,,,
suo_sub_demo_id,stanford_oncore_demographics,"<center>Optional Fields</center>",text,"Subject Demographics ID ",,,,,,,,,,,,,
suo_suffix,stanford_oncore_demographics,,text,Suffix,,,,,,,,,,,,,
suo_approx_birth_date,stanford_oncore_demographics,,truefalse,"Approximate Birth Date",,,,,,,,,,,,,
suo_birth_date_not_avail,stanford_oncore_demographics,,truefalse,"Birth Date Not Available",,,,,,,,,,,,,
suo_death_date,stanford_oncore_demographics,,text,"Expire Date",,,date_ymd,,,y,,,,,,,
suo_approx_death_date,stanford_oncore_demographics,,truefalse,"Approx. Death Date",,,,,,,,,,,,,
suo_last_known_date_alive,stanford_oncore_demographics,,text,"Last Date Patient Known Alive",,,date_ymd,,,y,,,,,,,
suo_street_addr,stanford_oncore_demographics,,text,"Street Address",,,,,,y,,,,,,,
suo_street_addr_2,stanford_oncore_demographics,,text,"Street Address Line 2",,,,,,y,,,,,,,
suo_city,stanford_oncore_demographics,,text,City,,,,,,y,,,,,,,
suo_state,stanford_oncore_demographics,,text,State,,,,,,,,,,,,,
suo_zip_code,stanford_oncore_demographics,,text,Zip,,,zipcode,,,y,,,,,,,
suo_county,stanford_oncore_demographics,,text,County,,,,,,y,,,,,,,
suo_country,stanford_oncore_demographics,,text,Country,,,,,,,,,,,,,
suo_phone_num,stanford_oncore_demographics,,text,"Phone Number",,"ex: (650) 555-5555",,,,y,,,,,,,
suo_alt_phone_num,stanford_oncore_demographics,,text,"Alternate Phone Number",,"ex: (650) 555-5555",,,,y,,,,,,,
suo_email,stanford_oncore_demographics,,text,"Email Address",,,email,,,y,,,,,,,
suo_ssn,stanford_oncore_demographics,,text,"Social Security Number",,,,,,y,,,,,,,
suo_addl_subject_id,stanford_oncore_demographics,,text,"Additional Subject ID",,,,,,,,,,,,,
suo_comments,stanford_oncore_demographics,,notes,Comments,,,,,,,,,LV,,,,
